{"cameraMode":{"drawMode":0,"name":"Shaded","section":"Shading Mode"},"sceneLighting":true,"audioPlay":false,"sceneViewState":{"showFog":true,"showMaterialUpdate":true,"showSkybox":true,"showFlares":true,"showImageEffects":true,"showParticleSystems":true},"in2DMode":false,"pivot":{"x":430.2060241699219,"y":-39.302101135253909,"z":260.83074951171877},"rotation":{"x":0.09696345031261444,"y":0.7470404505729675,"z":-0.1117655485868454,"w":0.6481027603149414},"size":171.15892028808595,"orthographic":false}