{"cameraMode":{"drawMode":2,"name":"Shaded Wireframe","section":"Shading Mode"},"sceneLighting":true,"audioPlay":false,"sceneViewState":{"showFog":true,"showMaterialUpdate":false,"showSkybox":true,"showFlares":true,"showImageEffects":true,"showParticleSystems":true},"in2DMode":false,"pivot":{"x":281.0450134277344,"y":7.389999866485596,"z":274.32000732421877},"rotation":{"x":0.15808188915252686,"y":0.5226780772209168,"z":-0.09932930022478104,"w":0.8318362832069397},"size":1.7779946327209473,"orthographic":false}