{"cameraMode":{"drawMode":0,"name":"Shaded","section":"Shading Mode"},"sceneLighting":true,"audioPlay":false,"sceneViewState":{"showFog":true,"showMaterialUpdate":false,"showSkybox":true,"showFlares":true,"showImageEffects":true,"showParticleSystems":true},"in2DMode":false,"pivot":{"x":-2.304166078567505,"y":6.778820991516113,"z":-1.732338786125183},"rotation":{"x":0.05751880630850792,"y":-0.041322339326143268,"z":-0.002382779959589243,"w":-0.9974860548973084},"size":23.334524154663087,"orthographic":false}